Level	Nav	Category	Type	ModuleID	Jira	Title	UserStory	VerifiedInVersion	QuickstartID	Comments
1	Identity Management	.	assembly	identity-management		Using the Identity Management Mobile Service				
		.	procedure	provisioning-the-idm.adoc						
		.	procedure	binding-an-app-to-a-service.adoc						
		.	procedure	configuring-the-service.adoc						
		.	procedure			== Configuring your development environment for the {keycloak-service} Service				
		.	procedure	downloading-configuration-file.adoc						
		.	procedure	setting-up-the-idm-sdk.adoc						
		.	procedure			== Adding User Authentication to your Mobile App				
		.	procedure	implementing-authentication.adoc						
		.	procedure	refreshing-the-authentication-token.adoc						
		.	procedure	adding-log-out-option.adoc						
		.	procedure	authenticating-with-a-back-end-service.adoc						
		.	procedure	adding-access-control.adoc						
		.	procedure			== Adding SSO to your Mobile App				
		.	procedure	using-sso.adoc						
		.	procedure	monitoring-keycloak.adoc						
